epoch,train_loss,train_acc,validation_loss,validation_acc
1.0,0.059679282572838145,0.6628440366972477,0.05083174028179862,0.7727272727272727
2.0,0.04589588463374781,0.7889908256880734,0.07915235622362657,0.6090909090909091
3.0,0.04082217956081443,0.8165137614678899,0.03506545925682241,0.8181818181818182
4.0,0.04506386066317011,0.7889908256880734,0.03648901771415364,0.8090909090909091
5.0,0.04080133792867354,0.8142201834862385,0.036757284606044945,0.8090909090909091
6.0,0.042851860737513514,0.805045871559633,0.03782106495716355,0.8272727272727273
7.0,0.03753711341307798,0.823394495412844,0.04174687672745098,0.7909090909090909
8.0,0.036662744050589176,0.8394495412844036,0.041853114488449965,0.8181818181818182
9.0,0.03304124456069885,0.8600917431192661,0.03566380502148108,0.8454545454545455
10.0,0.03447969012611776,0.8486238532110092,0.035530476678501476,0.8727272727272727
11.0,0.03285416056735253,0.8669724770642202,0.03477056419307535,0.8636363636363636
12.0,0.027545975452852905,0.9036697247706422,0.035765283012932,0.8272727272727273
13.0,0.03441478195813818,0.8532110091743119,0.03506393188780004,0.8545454545454545
14.0,0.03612057111490894,0.8325688073394495,0.0351768782870336,0.8454545454545455
15.0,0.033403344460925376,0.8692660550458715,0.03634168180552396,0.8363636363636363
16.0,0.028743725543448683,0.8807339449541285,0.03785303763367913,0.8181818181818182
17.0,0.02974673973208447,0.8669724770642202,0.03806844326582822,0.8
18.0,0.03483664594727372,0.8394495412844036,0.034865936840122395,0.8545454545454545
19.0,0.026216384672790492,0.8990825688073395,0.034657719189470464,0.8545454545454545
20.0,0.02806170048072524,0.8784403669724771,0.037713557278568094,0.8181818181818182
21.0,0.030417541734054,0.8692660550458715,0.040451780435713854,0.8
22.0,0.024057031002476675,0.9013761467889908,0.038201166079802944,0.8272727272727273
23.0,0.03310872676756677,0.8509174311926605,0.03940511237491261,0.8181818181818182
24.0,0.03418169493590473,0.8532110091743119,0.044281488115137276,0.7727272727272727
25.0,0.027522288604613837,0.8853211009174312,0.03786417137492787,0.8272727272727273
26.0,0.02164319460921058,0.908256880733945,0.047397692637010054,0.7909090909090909
27.0,0.02945082512504737,0.8761467889908257,0.03632276200435378,0.8545454545454545
28.0,0.03023401840051653,0.8669724770642202,0.037925874509594656,0.8181818181818182
29.0,0.02342333521591414,0.8990825688073395,0.0358954134312543,0.8454545454545455
30.0,0.03402240683726215,0.8623853211009175,0.042830567061901095,0.7909090909090909
31.0,0.026678878181707968,0.8922018348623854,0.044161933389576996,0.7818181818181819
32.0,0.029637712874202006,0.8876146788990825,0.040087134187871756,0.8090909090909091
33.0,0.02468825578091478,0.8944954128440367,0.03523665402423252,0.8545454545454545
34.0,0.024196515005047714,0.9059633027522935,0.04364762929352847,0.7909090909090909
35.0,0.022501841187477112,0.8967889908256881,0.035049298202449626,0.8454545454545455
36.0,0.02674870515977024,0.8899082568807339,0.03633126250722191,0.8545454545454545
37.0,0.025673725561093572,0.8922018348623854,0.04523958760229024,0.7909090909090909
38.0,0.02950026017160864,0.8669724770642202,0.048224842006509956,0.7818181818181819
39.0,0.02597861653279274,0.8899082568807339,0.03655584596774795,0.8363636363636363
40.0,0.022486171642437987,0.9197247706422018,0.03979196440089833,0.8090909090909091
41.0,0.027288033195489315,0.8853211009174312,0.03790145794099027,0.8363636363636363
42.0,0.026018521436618283,0.8853211009174312,0.03741017932241613,0.8454545454545455
43.0,0.03916606646236203,0.8279816513761468,0.03896991095759652,0.8272727272727273
44.0,0.021891973442782504,0.9174311926605505,0.037512762912295085,0.8545454545454545
45.0,0.02719388577506083,0.8853211009174312,0.03857040838761763,0.8090909090909091
46.0,0.026222876170564683,0.8830275229357798,0.038220229812643745,0.8272727272727273
47.0,0.023208774664704133,0.9059633027522935,0.038457495041868905,0.8272727272727273
48.0,0.02714803186886081,0.8922018348623854,0.04255697564645247,0.8454545454545455
49.0,0.02267735530921352,0.9105504587155964,0.03703332685611465,0.8181818181818182
50.0,0.025301436547600073,0.8899082568807339,0.040784617648883296,0.8454545454545455
51.0,0.02126367915199574,0.9036697247706422,0.04302156215364283,0.8181818181818182
52.0,0.02605692384371517,0.8876146788990825,0.03838925991546024,0.8454545454545455
53.0,0.029337688763583197,0.8761467889908257,0.051525301418521186,0.7818181818181819
54.0,0.02181498983174289,0.908256880733945,0.03901320208202709,0.8363636363636363
55.0,0.022822129335083544,0.8967889908256881,0.041814964400096376,0.8181818181818182
56.0,0.022140027015307626,0.908256880733945,0.042717595262960956,0.8272727272727273
57.0,0.022392915151671532,0.9128440366972477,0.04874039183963429,0.8
58.0,0.02222975145666561,0.908256880733945,0.042203507911075244,0.8181818181818182
59.0,0.02300209565720427,0.9128440366972477,0.04375819943167947,0.7909090909090909
60.0,0.022070301342072017,0.9105504587155964,0.039605428210713646,0.8272727272727273
61.0,0.01940119906901083,0.9197247706422018,0.04072037772698836,0.8363636363636363
62.0,0.022257368763857477,0.9059633027522935,0.04000160551883958,0.8363636363636363
63.0,0.023698058957661236,0.8922018348623854,0.0435263992710547,0.8272727272727273
64.0,0.035595715567127824,0.8509174311926605,0.046345058354464445,0.8090909090909091
65.0,0.019414782797524687,0.9197247706422018,0.03810782676393336,0.8363636363636363
66.0,0.02334085984343509,0.908256880733945,0.04648792073130607,0.7909090909090909
67.0,0.028689064991173394,0.8830275229357798,0.03971139030023055,0.8363636363636363
68.0,0.021945358864928877,0.9174311926605505,0.038632079484787855,0.8454545454545455
69.0,0.03164128387569014,0.8600917431192661,0.05039909834211523,0.7727272727272727
70.0,0.022186538845369027,0.9197247706422018,0.04036951938813383,0.8545454545454545
71.0,0.0318514190212644,0.8692660550458715,0.042001281881874256,0.8363636363636363
72.0,0.028307049774453728,0.8899082568807339,0.04943573691628196,0.8
73.0,0.03338447293061592,0.8600917431192661,0.04065176133405079,0.8363636363636363
74.0,0.02279926148679005,0.9105504587155964,0.039410549605434594,0.8454545454545455
75.0,0.022341638504433523,0.9059633027522935,0.040294833819974556,0.8363636363636363
76.0,0.023798993250372213,0.8990825688073395,0.04123848290605978,0.8363636363636363
77.0,0.018971654022573878,0.926605504587156,0.04395587274974043,0.8181818181818182
78.0,0.017603957780995706,0.9357798165137615,0.04103717783635313,0.8363636363636363
79.0,0.02433164407063378,0.8830275229357798,0.0447657010094686,0.8363636363636363
80.0,0.023134300352817556,0.9036697247706422,0.039626968381079763,0.8454545454545455
81.0,0.01932869760165794,0.9174311926605505,0.04187949699434367,0.8181818181818182
82.0,0.021862646015873607,0.9151376146788991,0.040507274662906476,0.8363636363636363
83.0,0.02412617540012601,0.8899082568807339,0.045250684835694055,0.8363636363636363
84.0,0.021742942418322104,0.9105504587155964,0.04166550622744994,0.8090909090909091
85.0,0.02733051928973526,0.8899082568807339,0.042192275754430075,0.8272727272727273
86.0,0.02624045191930795,0.8830275229357798,0.05945220935073766,0.7454545454545455
87.0,0.022484313893140456,0.8990825688073395,0.04017971930178729,0.8454545454545455
88.0,0.018427426426953407,0.9151376146788991,0.0426184534010562,0.8454545454545455
89.0,0.018242519993950195,0.9288990825688074,0.03980942327867855,0.8363636363636363
90.0,0.02154973520974227,0.9105504587155964,0.04031565819274296,0.8363636363636363
91.0,0.023869842513028636,0.9059633027522935,0.04846860177137635,0.8363636363636363
92.0,0.018804717967030378,0.926605504587156,0.04117451137439771,0.8363636363636363
93.0,0.022381822516663222,0.9105504587155964,0.04088547412644733,0.8272727272727273
94.0,0.02176112352246675,0.908256880733945,0.04537181827155026,0.8181818181818182
95.0,0.022958579105794977,0.9059633027522935,0.042475193197076974,0.8
96.0,0.03171402544483816,0.8623853211009175,0.03832127959890799,0.8454545454545455
97.0,0.024278072181046693,0.8990825688073395,0.041222634234211665,0.8363636363636363
98.0,0.01880287448662,0.9220183486238532,0.041162461042404175,0.8363636363636363
99.0,0.022393358474033415,0.9059633027522935,0.04194925793192603,0.8363636363636363
100.0,0.02314047548287642,0.8899082568807339,0.0408383079550483,0.8454545454545455
101.0,0.021691267331634914,0.9059633027522935,0.04202205017209053,0.8363636363636363
102.0,0.017294548011871927,0.9288990825688074,0.04130719784985889,0.8363636363636363
103.0,0.029128931176532574,0.8715596330275229,0.05162320150570436,0.8090909090909091
104.0,0.022850603155723407,0.8944954128440367,0.05289493751796809,0.7727272727272727
105.0,0.020134498758258623,0.9197247706422018,0.04135695919394493,0.8272727272727273
106.0,0.01715507600969131,0.9403669724770642,0.044017948345704515,0.8272727272727273
107.0,0.014802498341358583,0.9426605504587156,0.04254114133390513,0.8181818181818182
108.0,0.021936056806509376,0.9197247706422018,0.041171987422487955,0.8454545454545455
109.0,0.024712309724044635,0.8853211009174312,0.04121836776083166,0.8363636363636363
110.0,0.02179185552693425,0.908256880733945,0.04104718965562907,0.8181818181818182
111.0,0.0194912171568038,0.9243119266055045,0.04055516997521574,0.8363636363636363
112.0,0.017081337656244772,0.9334862385321101,0.03967957306991924,0.8363636363636363
113.0,0.021650530361578962,0.9128440366972477,0.04056959368965842,0.8363636363636363
114.0,0.02236969233704133,0.908256880733945,0.0438339734619314,0.8090909090909091
115.0,0.021331649769200097,0.9174311926605505,0.04537279971621253,0.8272727272727273
116.0,0.02069481830497127,0.9288990825688074,0.04638150002468716,0.8090909090909091
117.0,0.016139939032204516,0.9403669724770642,0.04350985518910668,0.8181818181818182
118.0,0.018316132794006155,0.9243119266055045,0.03924478455023332,0.8181818181818182
119.0,0.024283142363088667,0.8967889908256881,0.051689355278556996,0.7909090909090909
120.0,0.02308506064903025,0.9036697247706422,0.04431121322241696,0.8181818181818182
121.0,0.01940796946799126,0.9220183486238532,0.0439762684431943,0.8181818181818182
122.0,0.025515524277446466,0.9036697247706422,0.04605670219117945,0.8090909090909091
123.0,0.025144913327803307,0.8990825688073395,0.043728642842986366,0.8181818181818182
124.0,0.02404444863370389,0.8967889908256881,0.049210732091556894,0.7909090909090909
125.0,0.022145104141683754,0.9036697247706422,0.04124898836016655,0.8363636363636363
126.0,0.02649536334114884,0.8944954128440367,0.04131875512274829,0.8363636363636363
127.0,0.015961011386809682,0.9334862385321101,0.04633132713762197,0.8272727272727273
128.0,0.017685986696443428,0.926605504587156,0.047561925852840595,0.8
129.0,0.014717586030927272,0.9357798165137615,0.04257979779080911,0.8272727272727273
130.0,0.026163021281976766,0.8922018348623854,0.04546107954599641,0.8454545454545455
131.0,0.02133813585846796,0.8990825688073395,0.048913809115236455,0.8090909090909091
132.0,0.01862838379440641,0.9220183486238532,0.042722766169092874,0.8181818181818182
133.0,0.019734655521861322,0.9288990825688074,0.04714808362451467,0.8272727272727273
134.0,0.022065148095027843,0.9151376146788991,0.05049078870903362,0.7727272727272727
135.0,0.020725406356019164,0.9334862385321101,0.042938201332634145,0.8454545454545455
136.0,0.02247740680761977,0.9151376146788991,0.04536033035679297,0.8636363636363636
137.0,0.021284880095221306,0.9197247706422018,0.04360241334546696,0.8272727272727273
138.0,0.01618172010244511,0.9311926605504587,0.043331084332682866,0.8363636363636363
139.0,0.020345433032003427,0.9105504587155964,0.04817142215642062,0.8181818181818182
140.0,0.017979722683651184,0.9288990825688074,0.04140661223368211,0.8272727272727273
141.0,0.022802410147434803,0.9174311926605505,0.04350440542806278,0.8363636363636363
142.0,0.025097794723996054,0.9036697247706422,0.04347567449916493,0.8363636363636363
143.0,0.016075096033308485,0.9426605504587156,0.04689683799039234,0.8363636363636363
144.0,0.023018389833458792,0.9151376146788991,0.04405966197902506,0.8181818181818182
145.0,0.021422365351383567,0.9036697247706422,0.04214475913481279,0.8272727272727273
146.0,0.021710541336412686,0.9036697247706422,0.04504824003035372,0.8272727272727273
147.0,0.0205499559871579,0.9105504587155964,0.04788217449730093,0.7909090909090909
148.0,0.02362033533180184,0.9036697247706422,0.049160631407390944,0.8
149.0,0.021205261089078605,0.8967889908256881,0.045160775631666185,0.8636363636363636
150.0,0.022945886881543545,0.9128440366972477,0.04654655253345316,0.8272727272727273
151.0,0.01934172702449109,0.9220183486238532,0.048285934803160756,0.8
152.0,0.025391647993766385,0.9059633027522935,0.04902545755559748,0.8
153.0,0.019193995850792994,0.9059633027522935,0.046475855735215274,0.8454545454545455
154.0,0.022077272705938837,0.9311926605504587,0.04602238468148492,0.8
155.0,0.01731750307553405,0.9357798165137615,0.04842338304628025,0.8181818181818182
156.0,0.019068441567344403,0.9197247706422018,0.04482929367910732,0.8090909090909091
157.0,0.02275426029184953,0.8990825688073395,0.04593826329166239,0.8
158.0,0.018900596068898608,0.926605504587156,0.044684054871851744,0.8363636363636363
159.0,0.02461557613190161,0.8944954128440367,0.04481345543807203,0.8272727272727273
160.0,0.01966397239561748,0.9151376146788991,0.04542652700435031,0.8
161.0,0.01793495430226583,0.9334862385321101,0.043332969397306444,0.8272727272727273
162.0,0.01772935937987555,0.9288990825688074,0.04666879702020775,0.8272727272727273
163.0,0.02379115326586393,0.8967889908256881,0.04362551895054904,0.8454545454545455
164.0,0.021250537220696242,0.8967889908256881,0.046015845611691475,0.8454545454545455
165.0,0.025692327723436808,0.8853211009174312,0.04716258401220495,0.8090909090909091
166.0,0.017905117747365334,0.9403669724770642,0.046102082797072154,0.8454545454545455
167.0,0.015708763075462723,0.9334862385321101,0.043741266226226636,0.8363636363636363
168.0,0.022060504712916297,0.8967889908256881,0.04456616999073462,0.8181818181818182
169.0,0.018475979724642606,0.9174311926605505,0.04764159518209371,0.8181818181818182
170.0,0.022531307870607583,0.8990825688073395,0.045090581544420937,0.8272727272727273
171.0,0.021595950434924266,0.8944954128440367,0.04760488176887685,0.8
172.0,0.021900912689113424,0.9059633027522935,0.053487070446664634,0.7909090909090909
173.0,0.01683889605412516,0.926605504587156,0.04503588473254984,0.8272727272727273
174.0,0.01974081969392751,0.9174311926605505,0.0496870796111497,0.8
175.0,0.021216649192581892,0.9128440366972477,0.04349801946770061,0.8181818181818182
176.0,0.015714257088310403,0.9472477064220184,0.043806426159360194,0.8181818181818182
177.0,0.030486021244283252,0.8623853211009175,0.04441280974583192,0.8363636363636363
178.0,0.016410826053897584,0.9311926605504587,0.04722620221701535,0.8090909090909091
179.0,0.019419945009616673,0.9220183486238532,0.04538002935322848,0.8090909090909091
180.0,0.014948266556213072,0.9426605504587156,0.04416015144776214,0.8454545454545455
181.0,0.017293844414755292,0.9357798165137615,0.045231614871458575,0.8363636363636363
182.0,0.02003743052439884,0.9151376146788991,0.049561959809877654,0.8454545454545455
183.0,0.020644688722463923,0.9151376146788991,0.04471959085627036,0.8363636363636363
184.0,0.02175321887725742,0.9174311926605505,0.04626853567632762,0.8
185.0,0.022152723686837957,0.9036697247706422,0.04403853877024217,0.8363636363636363
186.0,0.018430140467548588,0.9197247706422018,0.04817766784266992,0.8363636363636363
187.0,0.025369927003005638,0.9036697247706422,0.045218798992308705,0.8181818181818182
188.0,0.022065887385722967,0.9128440366972477,0.047295826402577484,0.8272727272727273
189.0,0.01785600059153085,0.9334862385321101,0.04438885768706148,0.8363636363636363
190.0,0.024955602484507435,0.908256880733945,0.050252307612787595,0.8
191.0,0.015673143487987578,0.926605504587156,0.04503618404269218,0.8363636363636363
192.0,0.02426668045478403,0.9036697247706422,0.04800627902150154,0.8454545454545455
193.0,0.018253551849480205,0.9311926605504587,0.04882919686761769,0.8090909090909091
194.0,0.020097150990671112,0.9197247706422018,0.04793770055879246,0.8181818181818182
195.0,0.017808652675172332,0.9288990825688074,0.04727583507245237,0.8272727272727273
196.0,0.018681734862284513,0.9197247706422018,0.05353915027596734,0.7727272727272727
197.0,0.01950750757786317,0.9105504587155964,0.04501583271405914,0.8181818181818182
198.0,0.018142129918304058,0.926605504587156,0.04671206494623965,0.8272727272727273
199.0,0.021446641188525004,0.9128440366972477,0.05262733054432002,0.7909090909090909
200.0,0.01601875987151689,0.944954128440367,0.04584096859801899,0.8363636363636363
201.0,0.028185516531758624,0.8830275229357798,0.04613018977371129,0.8363636363636363
202.0,0.020803121580750844,0.9105504587155964,0.051450482688166876,0.8272727272727273
203.0,0.021587758419027023,0.9105504587155964,0.04572575722228397,0.8272727272727273
204.0,0.019053863032524467,0.9151376146788991,0.04771249700676311,0.8181818181818182
205.0,0.0224203411276119,0.9151376146788991,0.04735045378858393,0.8272727272727273
206.0,0.017611763459297086,0.9288990825688074,0.045702452551234854,0.8272727272727273
207.0,0.021287180769573383,0.9174311926605505,0.04623680764978582,0.8272727272727273
208.0,0.012985461959700793,0.9541284403669725,0.04649487679654902,0.8272727272727273
209.0,0.016515261171078054,0.9334862385321101,0.047126347503878854,0.8272727272727273
210.0,0.01886691310370358,0.9380733944954128,0.05666040033102036,0.7909090909090909
211.0,0.01844100158131861,0.9151376146788991,0.04658493955026973,0.8363636363636363
212.0,0.016998579037811504,0.9334862385321101,0.05150073543190956,0.8090909090909091
213.0,0.020226962727691054,0.9128440366972477,0.0481605779718269,0.8545454545454545
214.0,0.02537814082808519,0.8990825688073395,0.047763746028596704,0.8363636363636363
215.0,0.023192576346320843,0.9151376146788991,0.04858861728148027,0.8181818181818182
216.0,0.016952729803176785,0.9311926605504587,0.045829412070187654,0.8272727272727273
217.0,0.01783464025330106,0.9334862385321101,0.049117589741945265,0.8181818181818182
218.0,0.015419092834628093,0.9334862385321101,0.04600090790878643,0.8181818181818182
219.0,0.01657546346434691,0.9357798165137615,0.0478859656913714,0.8181818181818182
220.0,0.019873611133443107,0.9105504587155964,0.04556701969016682,0.8181818181818182
221.0,0.016873247488914486,0.9495412844036697,0.050462683764371005,0.8
222.0,0.017043712744361148,0.9380733944954128,0.0508794174275615,0.7909090909090909
223.0,0.025318019735037323,0.8761467889908257,0.05270873057571324,0.8
224.0,0.01584176956932274,0.9288990825688074,0.05899531150406057,0.7636363636363637
225.0,0.014622365790974656,0.9541284403669725,0.05093918632377278,0.8
226.0,0.020039283884091114,0.9174311926605505,0.06364785900170153,0.7727272727272727
227.0,0.022780233203783768,0.8990825688073395,0.06288755962794478,0.7818181818181819
228.0,0.019373296497287144,0.9288990825688074,0.05751362842592326,0.7818181818181819
229.0,0.024068442579153755,0.8990825688073395,0.05038741407069293,0.8272727272727273
230.0,0.01940858502308368,0.926605504587156,0.04854049039157954,0.8363636363636363
231.0,0.023477688206385378,0.9151376146788991,0.053610980917106976,0.7818181818181819
232.0,0.020422965164270696,0.926605504587156,0.049652228165756575,0.8363636363636363
233.0,0.016827434681595192,0.9426605504587156,0.0503842487253926,0.8272727272727273
234.0,0.027366026860038074,0.8715596330275229,0.061527199094945736,0.7909090909090909
235.0,0.015285032527914287,0.9426605504587156,0.05839092507958412,0.8
236.0,0.01949772994896961,0.9128440366972477,0.05045114958828146,0.8181818181818182
237.0,0.018576671585115955,0.9311926605504587,0.05217602706768296,0.8
238.0,0.020225887455968955,0.9059633027522935,0.05247524082660675,0.8272727272727273
239.0,0.0166465662945267,0.9472477064220184,0.053656456687233664,0.8272727272727273
240.0,0.013132572618372943,0.9518348623853211,0.05612558668309992,0.7818181818181819
241.0,0.0173969341723949,0.9243119266055045,0.0563143446364186,0.8363636363636363
242.0,0.016135868565136685,0.9403669724770642,0.052547234161333604,0.8
243.0,0.019045350479320922,0.9220183486238532,0.05783308785070072,0.8
244.0,0.019348738935066882,0.9220183486238532,0.04787933304905891,0.8454545454545455
245.0,0.022578710136900937,0.9036697247706422,0.0498850286684253,0.8363636363636363
246.0,0.019122604154682626,0.9151376146788991,0.048574250055985015,0.8545454545454545
247.0,0.018951898276241958,0.9220183486238532,0.04944418492642316,0.8454545454545455
248.0,0.023632719580921422,0.8967889908256881,0.04852419705553488,0.8363636363636363
249.0,0.02400817899375197,0.8944954128440367,0.058209911666133186,0.8090909090909091
250.0,0.01909730337141509,0.9128440366972477,0.06128201687877828,0.7818181818181819
251.0,0.015311069351860211,0.9380733944954128,0.04854551370848309,0.8090909090909091
252.0,0.016539507742048404,0.9311926605504587,0.055639627508141776,0.8
253.0,0.019701180569485787,0.9220183486238532,0.05446205504915931,0.8181818181818182
254.0,0.013160588975927425,0.9518348623853211,0.04932175983082165,0.8363636363636363
255.0,0.014207230425875532,0.9380733944954128,0.051844272965734656,0.8090909090909091
256.0,0.022135304846723967,0.9220183486238532,0.04810581959106706,0.8272727272727273
257.0,0.018917813027756067,0.9197247706422018,0.05003214580091563,0.8272727272727273
258.0,0.016321708510176988,0.9357798165137615,0.05415270071138035,0.8363636363636363
259.0,0.014629780829653417,0.9403669724770642,0.049079671095718036,0.8272727272727273
260.0,0.01793699133970322,0.926605504587156,0.049859246882525354,0.8363636363636363
261.0,0.014050871744717754,0.944954128440367,0.0460403289984573,0.8363636363636363
262.0,0.023450097818901644,0.8967889908256881,0.05007031973112713,0.8363636363636363
263.0,0.01727994849666133,0.9288990825688074,0.06200928755781867,0.7909090909090909
264.0,0.019855518966332215,0.9243119266055045,0.0490859066220847,0.8272727272727273
265.0,0.019890130955700275,0.9311926605504587,0.05451069067824971,0.8090909090909091
266.0,0.017674920495189386,0.9288990825688074,0.05075618794018572,0.8272727272727273
267.0,0.020837856599753467,0.9059633027522935,0.048385454511100594,0.8272727272727273
268.0,0.017087734543607323,0.9311926605504587,0.04978422515771606,0.8181818181818182
269.0,0.0200478925301326,0.9151376146788991,0.0512022617188367,0.8090909090909091
270.0,0.01572774082994721,0.9403669724770642,0.05139572782949968,0.8181818181818182
271.0,0.02750790289201594,0.8807339449541285,0.050783044777133246,0.8181818181818182
272.0,0.016395388064273726,0.944954128440367,0.05462532375346531,0.8090909090909091
273.0,0.01718298181327521,0.9311926605504587,0.051619216122410515,0.8090909090909091
274.0,0.020291126292591933,0.9357798165137615,0.04903106398203156,0.8090909090909091
275.0,0.021381681353503136,0.9220183486238532,0.0493706613779068,0.8363636363636363
276.0,0.019782225263877472,0.926605504587156,0.05002422840757804,0.8090909090909091
277.0,0.01997803752267853,0.926605504587156,0.053152628446167166,0.8
278.0,0.02372106182316335,0.9036697247706422,0.050532446259802036,0.8454545454545455
279.0,0.02786240459915353,0.8967889908256881,0.04862470017238097,0.8272727272727273
280.0,0.0157474375270102,0.9472477064220184,0.04965205903757702,0.8454545454545455
281.0,0.016664497325743693,0.9311926605504587,0.052535807950930165,0.8
282.0,0.023127007896268585,0.8922018348623854,0.05450311519882896,0.7909090909090909
283.0,0.01836449348307941,0.9151376146788991,0.05146754722703587,0.8090909090909091
284.0,0.014549041963652323,0.9380733944954128,0.05177058455618945,0.8272727272727273
285.0,0.01674919625863843,0.9357798165137615,0.050606925921006636,0.8181818181818182
286.0,0.020773545553728325,0.926605504587156,0.049697923998941074,0.8363636363636363
287.0,0.030562403769373313,0.8830275229357798,0.059945630688558925,0.8090909090909091
288.0,0.023189977576118816,0.9013761467889908,0.04986091154542836,0.8090909090909091
289.0,0.025111648138749217,0.8922018348623854,0.048568212376399474,0.8090909090909091
290.0,0.01869702749723278,0.9288990825688074,0.047615680369463835,0.8363636363636363
291.0,0.014059239293559702,0.9403669724770642,0.049052682383493945,0.8363636363636363
292.0,0.015135098054338622,0.926605504587156,0.055394881828264755,0.7818181818181819
293.0,0.02044421017122959,0.9105504587155964,0.04808519001711498,0.8363636363636363
294.0,0.016851254894799734,0.9311926605504587,0.04867973703552376,0.8181818181818182
295.0,0.015575867415397265,0.9334862385321101,0.04905749410390854,0.8363636363636363
296.0,0.025000005776763236,0.9059633027522935,0.049732228097590536,0.8363636363636363
297.0,0.019619162428329503,0.908256880733945,0.04735267744822936,0.8272727272727273
298.0,0.01762725957541154,0.9311926605504587,0.052254387465390295,0.8272727272727273
299.0,0.018490195917307373,0.9174311926605505,0.0497186886315996,0.8363636363636363
300.0,0.01725082506570931,0.9220183486238532,0.052465383403680545,0.8454545454545455
301.0,0.014903516810891483,0.9426605504587156,0.04821230532093482,0.8272727272727273
302.0,0.016178536367679543,0.9334862385321101,0.05166115693070672,0.8454545454545455
303.0,0.013874040547023537,0.944954128440367,0.05171222293918783,0.8181818181818182
304.0,0.01101696351649872,0.963302752293578,0.04968015422875231,0.8454545454545455
305.0,0.018958309962234778,0.908256880733945,0.04950231882658872,0.8181818181818182
306.0,0.02072460082821001,0.9151376146788991,0.05065820809792389,0.8181818181818182
307.0,0.019313135556022234,0.926605504587156,0.05882080434398217,0.7818181818181819
308.0,0.016451874785787433,0.9311926605504587,0.050990133597092195,0.8181818181818182
309.0,0.01792074232938947,0.9174311926605505,0.05033272376114672,0.8545454545454545
310.0,0.02425209306171933,0.8876146788990825,0.051014965704896234,0.8090909090909091
311.0,0.019548729299183148,0.9174311926605505,0.050523920357227324,0.8
312.0,0.014680008181806552,0.9472477064220184,0.05175300182943994,0.8272727272727273
313.0,0.015145054106267358,0.9495412844036697,0.05052643079649318,0.8363636363636363
314.0,0.015734080162215464,0.9357798165137615,0.049577201902866366,0.8272727272727273
315.0,0.019032597652884252,0.926605504587156,0.04791586940938776,0.8272727272727273
316.0,0.021043643797534185,0.9059633027522935,0.051792489601807164,0.8545454545454545
317.0,0.011198887641011917,0.9610091743119266,0.05401714952154593,0.7909090909090909
318.0,0.014040342384710087,0.9334862385321101,0.05019796253605322,0.8181818181818182
319.0,0.018723728639338542,0.9174311926605505,0.04741847765716639,0.8363636363636363
320.0,0.01495242298264569,0.9426605504587156,0.049171623248945584,0.8454545454545455
321.0,0.014176736464040406,0.9518348623853211,0.050439514287493444,0.8454545454545455
322.0,0.01855601610427876,0.9220183486238532,0.05116383236917582,0.8
323.0,0.015271800350175675,0.944954128440367,0.04742951995947144,0.8363636363636363
324.0,0.034229167403841236,0.8646788990825688,0.05127223889258775,0.8181818181818182
325.0,0.01889186211084144,0.9243119266055045,0.054956603456627236,0.8181818181818182
326.0,0.01394843908428394,0.944954128440367,0.051909285512837494,0.8363636363636363
327.0,0.014287303073690572,0.9495412844036697,0.05148366859013384,0.8181818181818182
328.0,0.013640235044134764,0.9495412844036697,0.05230148393999447,0.8454545454545455
329.0,0.017135668287498004,0.9288990825688074,0.05647506334564902,0.7909090909090909
330.0,0.02097014323252877,0.908256880733945,0.050432033498178826,0.8363636363636363
331.0,0.016603286153799215,0.9334862385321101,0.055717114426872945,0.7727272727272727
332.0,0.011054530205769002,0.9655963302752294,0.04842501695860516,0.8272727272727273
333.0,0.019448048505641587,0.9311926605504587,0.05066836097023704,0.8363636363636363
334.0,0.016871576183560996,0.9403669724770642,0.05209725323048505,0.7909090909090909
335.0,0.017442343782189243,0.9380733944954128,0.05691970681602305,0.7727272727272727
336.0,0.014566050633070392,0.9426605504587156,0.06014096865599806,0.8
337.0,0.015807134416509726,0.9403669724770642,0.0532568057152358,0.7909090909090909
338.0,0.015173536690631283,0.9334862385321101,0.05054605735296553,0.8454545454545455
339.0,0.018217968864477487,0.926605504587156,0.057220887054096566,0.7909090909090909
340.0,0.018733237466322036,0.9174311926605505,0.052497594193978744,0.8545454545454545
341.0,0.016425267947034552,0.9220183486238532,0.05499008209867911,0.8363636363636363
342.0,0.01757339603019827,0.9334862385321101,0.05732808248563246,0.7818181818181819
343.0,0.015595536435518515,0.9380733944954128,0.05493354106491262,0.8090909090909091
344.0,0.015027876667797976,0.9403669724770642,0.0505410105667331,0.8
345.0,0.013173344869747621,0.9541284403669725,0.051484465463594954,0.8
346.0,0.030793445868366354,0.8646788990825688,0.05863635323264382,0.8
347.0,0.02324329234698121,0.8944954128440367,0.05695657675916498,0.7818181818181819
348.0,0.015106830975561992,0.944954128440367,0.0501136334782297,0.8
349.0,0.01621263871426532,0.9334862385321101,0.050274038111621684,0.8363636363636363
350.0,0.02063839054461398,0.9174311926605505,0.050727355480194095,0.8
351.0,0.024349952868502073,0.908256880733945,0.05153274576772343,0.8363636363636363
352.0,0.01698802170928978,0.9311926605504587,0.050353317165916615,0.8363636363636363
353.0,0.010339877595954122,0.9701834862385321,0.05076965865763751,0.8181818181818182
354.0,0.014313262868074512,0.9426605504587156,0.051325140080668706,0.8272727272727273
355.0,0.016994559855431045,0.9334862385321101,0.05079218555580486,0.8272727272727273
356.0,0.013473171024121891,0.9472477064220184,0.054421912540089,0.8181818181818182
357.0,0.012487295581403813,0.9380733944954128,0.049840232933109456,0.8090909090909091
358.0,0.021320620583746275,0.9036697247706422,0.0552681391550736,0.8363636363636363
359.0,0.018812104854561865,0.908256880733945,0.05180743736299601,0.8090909090909091
360.0,0.022422016478664833,0.9151376146788991,0.05666849152608351,0.7818181818181819
361.0,0.011987512512559738,0.9564220183486238,0.05464539636265148,0.8
362.0,0.017702524133727228,0.926605504587156,0.05336023372682658,0.8181818181818182
363.0,0.016076633901070427,0.9472477064220184,0.05257425850087946,0.7909090909090909
364.0,0.02484722340206077,0.9036697247706422,0.05342174450104887,0.8
365.0,0.021910441235143588,0.8990825688073395,0.05371430394324389,0.8272727272727273
366.0,0.02404543857619918,0.8944954128440367,0.05568069355054335,0.7909090909090909
367.0,0.012364135026064522,0.9518348623853211,0.05211213542656465,0.8181818181818182
368.0,0.016064504527277527,0.9380733944954128,0.049514843591234904,0.8272727272727273
369.0,0.015394884764020322,0.9426605504587156,0.05357963578267531,0.8181818181818182
370.0,0.014067145545086866,0.9495412844036697,0.049608369036154315,0.8090909090909091
371.0,0.013033506530977854,0.9472477064220184,0.052653845196420496,0.8090909090909091
372.0,0.020825255343929754,0.9151376146788991,0.05653052248738029,0.8
373.0,0.01171059591093297,0.9518348623853211,0.05116946019909598,0.8181818181818182
374.0,0.016442331389327526,0.9311926605504587,0.05342654965140603,0.8181818181818182
375.0,0.019693836469391206,0.9197247706422018,0.05294149043885144,0.8272727272727273
376.0,0.021285198955719762,0.926605504587156,0.05245444476604462,0.8090909090909091
377.0,0.021942517626176185,0.9151376146788991,0.05476802357218482,0.8090909090909091
378.0,0.018296788148624704,0.9174311926605505,0.0553780542855913,0.7818181818181819
379.0,0.01354630157851332,0.9495412844036697,0.05087177347053181,0.8363636363636363
380.0,0.015327595457340668,0.9380733944954128,0.05749008763920177,0.7909090909090909
381.0,0.019797094785736515,0.9288990825688074,0.05219848298213699,0.8090909090909091
382.0,0.013435903765739651,0.9587155963302753,0.05143172375180505,0.8272727272727273
383.0,0.01366350646216183,0.9426605504587156,0.05348087833686308,0.8090909090909091
384.0,0.013330392779808048,0.9426605504587156,0.05590253960002552,0.8
385.0,0.022560001572822605,0.9059633027522935,0.07289813506332311,0.7363636363636363
386.0,0.01644443242955919,0.9288990825688074,0.051885410262779756,0.8181818181818182
387.0,0.017198123048495398,0.9334862385321101,0.05478075166994875,0.8090909090909091
388.0,0.024389912011187283,0.9013761467889908,0.052412093566222624,0.8
389.0,0.021364632897813797,0.9151376146788991,0.04982238181612708,0.8181818181818182
390.0,0.020420365847237068,0.9013761467889908,0.052105470069430095,0.8181818181818182
391.0,0.01209838576657578,0.9610091743119266,0.05407263474030928,0.8
392.0,0.012427959457646475,0.9541284403669725,0.05350469784303145,0.8
393.0,0.015288969027647458,0.944954128440367,0.05598914352330295,0.7818181818181819
394.0,0.01852290774481969,0.9220183486238532,0.06416534314101392,0.8272727272727273
395.0,0.0186882228483745,0.9357798165137615,0.05349215404553847,0.8090909090909091
396.0,0.016876541501030736,0.9311926605504587,0.05293496244333007,0.8
397.0,0.021913232621437777,0.9197247706422018,0.055836658450690184,0.8090909090909091
398.0,0.01440062870937955,0.9288990825688074,0.0544399154457179,0.8
399.0,0.01145818008274404,0.9610091743119266,0.053833828527819025,0.8272727272727273
400.0,0.016049589036852805,0.9380733944954128,0.05484431826255538,0.8272727272727273
401.0,0.015283477088914962,0.9288990825688074,0.052446183155883445,0.8181818181818182
402.0,0.017226434795510604,0.9174311926605505,0.051168269867246804,0.8090909090909091
403.0,0.018576849375877086,0.9357798165137615,0.05234540585767139,0.8181818181818182
404.0,0.013116179736877938,0.944954128440367,0.055714451386169955,0.8
405.0,0.01051896533911723,0.9472477064220184,0.05503680021925406,0.8090909090909091
406.0,0.016320517344331934,0.9311926605504587,0.05529803281480616,0.8
407.0,0.01702606570137955,0.9403669724770642,0.05258806043050506,0.8363636363636363
408.0,0.02625986220263833,0.8899082568807339,0.05334725332531062,0.8363636363636363
409.0,0.010818498170669747,0.9655963302752294,0.053468837521292945,0.8181818181818182
410.0,0.0249177759444905,0.9013761467889908,0.05475017692555081,0.8090909090909091
411.0,0.018256678999991182,0.9243119266055045,0.055416859009049156,0.8181818181818182
412.0,0.023382500636416975,0.8967889908256881,0.053708522631363435,0.8090909090909091
413.0,0.014607909763522378,0.9426605504587156,0.05423865115100687,0.8181818181818182
414.0,0.013141540744247924,0.9495412844036697,0.0541855936023322,0.8090909090909091
415.0,0.023678625289803593,0.9059633027522935,0.05559401586651802,0.8363636363636363
416.0,0.011855782531928101,0.9564220183486238,0.05358946391127326,0.8090909090909091
417.0,0.019395143156785758,0.9220183486238532,0.05418776341459968,0.8
418.0,0.018658007238777953,0.9288990825688074,0.05854464037851854,0.8090909090909091
419.0,0.019314752054323845,0.9357798165137615,0.10046747577461329,0.7272727272727273
420.0,0.021639553232998543,0.8990825688073395,0.06318742700598456,0.8272727272727273
421.0,0.022700104445919668,0.8830275229357798,0.05424871803684668,0.8
422.0,0.01548642426015758,0.926605504587156,0.05697520578449423,0.8
423.0,0.018469488748067288,0.9243119266055045,0.057965234057469804,0.7909090909090909
424.0,0.017069475588585258,0.9357798165137615,0.05399404872547497,0.8363636363636363
425.0,0.018437734401331993,0.9288990825688074,0.053163737058639526,0.8090909090909091
426.0,0.01433419534047946,0.9403669724770642,0.053006464513865384,0.8090909090909091
427.0,0.017747721504505484,0.9311926605504587,0.05534873442216353,0.8
428.0,0.013076629854926686,0.9472477064220184,0.054488333721052516,0.8090909090909091
429.0,0.01822271576330681,0.9288990825688074,0.06156147135929628,0.8
430.0,0.012671089684163485,0.9541284403669725,0.05254141092300415,0.8272727272727273
431.0,0.014886738908682189,0.9403669724770642,0.05371538312597708,0.8181818181818182
432.0,0.012972639685650484,0.9541284403669725,0.05581778328527104,0.8090909090909091
433.0,0.02357244858071806,0.9036697247706422,0.05812809067693624,0.8181818181818182
434.0,0.01151880643911523,0.9564220183486238,0.055010640959848055,0.8363636363636363
435.0,0.021212978284259183,0.9151376146788991,0.05056735548106107,0.8181818181818182
436.0,0.01819152763266108,0.9128440366972477,0.06133942292495207,0.8090909090909091
437.0,0.015960157122633874,0.9243119266055045,0.05975932505997744,0.8
438.0,0.016134737095787027,0.9426605504587156,0.058016198467124594,0.8
439.0,0.018696007842129662,0.9426605504587156,0.05810514051805843,0.8181818181818182
440.0,0.020393957394076973,0.9128440366972477,0.058092828027226706,0.8
441.0,0.014441194599109848,0.9472477064220184,0.059146984666585925,0.8181818181818182
442.0,0.016564580729367947,0.9288990825688074,0.055237536267800764,0.8181818181818182
443.0,0.015130666649575696,0.9403669724770642,0.05401021533391692,0.8363636363636363
444.0,0.016502439995497088,0.9403669724770642,0.0564837667752396,0.8454545454545455
445.0,0.01556534265860095,0.9495412844036697,0.05410982844504443,0.8090909090909091
446.0,0.015539307895953845,0.9357798165137615,0.05649561970071359,0.8181818181818182
447.0,0.015051520998811845,0.944954128440367,0.05538046712225134,0.8363636363636363
448.0,0.017108022000367214,0.9311926605504587,0.06304406923326579,0.8272727272727273
449.0,0.019946732787936586,0.926605504587156,0.05813252058896151,0.7909090909090909
450.0,0.022395794041168558,0.9059633027522935,0.0669394504617561,0.8
451.0,0.018143938467709706,0.9334862385321101,0.05544002665714784,0.8181818181818182
452.0,0.012251903928833408,0.9403669724770642,0.06016885936260223,0.7909090909090909
453.0,0.01206405725706061,0.9541284403669725,0.052022332020781256,0.8545454545454545
454.0,0.01896819793149282,0.9288990825688074,0.05565831498666243,0.8363636363636363
455.0,0.018194908371255005,0.9197247706422018,0.059008705074136907,0.8181818181818182
456.0,0.01652564741072988,0.9243119266055045,0.0645472414791584,0.8
457.0,0.029323308095827255,0.8944954128440367,0.05617384653199803,0.8181818181818182
458.0,0.017048288097203528,0.9380733944954128,0.05509209727699106,0.8181818181818182
459.0,0.0164324681770159,0.9174311926605505,0.05697486082261259,0.8181818181818182
460.0,0.016869009256687596,0.9380733944954128,0.055470921370116145,0.8090909090909091
461.0,0.020139458303557657,0.9174311926605505,0.05332255526022477,0.8090909090909091
462.0,0.014080302602367971,0.9426605504587156,0.054122635315765034,0.8090909090909091
463.0,0.017735956206815232,0.9288990825688074,0.06326661089604552,0.8090909090909091
464.0,0.01681341892727779,0.9380733944954128,0.05647573931650682,0.8272727272727273
465.0,0.020597795114228757,0.9059633027522935,0.05512891709804535,0.8090909090909091
466.0,0.017288666068994943,0.9197247706422018,0.05679408027367158,0.7818181818181819
467.0,0.014862946571607074,0.9288990825688074,0.05321694531223991,0.8
468.0,0.015855582673401664,0.9357798165137615,0.060867748070846904,0.7818181818181819
469.0,0.018336413765685,0.9380733944954128,0.060226382653821596,0.8090909090909091
470.0,0.01982882351309078,0.9311926605504587,0.06200177310542627,0.8272727272727273
471.0,0.01736756563592497,0.944954128440367,0.05565096830779856,0.7818181818181819
472.0,0.016216452669249763,0.9334862385321101,0.05814200653271242,0.8
473.0,0.01846624148257692,0.9243119266055045,0.06023707674308257,0.8090909090909091
474.0,0.02108947909116711,0.9174311926605505,0.05675728293982419,0.7909090909090909
475.0,0.019818213587806242,0.9174311926605505,0.06364827169613405,0.8
476.0,0.02014531543875677,0.9288990825688074,0.05828486118804325,0.8363636363636363
477.0,0.018629609532397957,0.9288990825688074,0.05516677742654627,0.8
478.0,0.02033228398121278,0.9151376146788991,0.056122463941574094,0.8
479.0,0.019869196522391375,0.9197247706422018,0.057077587463639,0.7909090909090909
480.0,0.016621999630550725,0.9334862385321101,0.05631168538873846,0.8
481.0,0.016681364712886376,0.9334862385321101,0.054218142276460476,0.8272727272727273
482.0,0.019729289391778683,0.9105504587155964,0.06443117491223595,0.8181818181818182
483.0,0.01978603377190649,0.9311926605504587,0.0626257056539709,0.7909090909090909
484.0,0.01874653848823707,0.9105504587155964,0.06134579594839703,0.8
485.0,0.018056325903888622,0.9311926605504587,0.06256861950863492,0.8181818181818182
486.0,0.01629099046379977,0.9288990825688074,0.05764697708866813,0.8272727272727273
487.0,0.019209317726279616,0.9174311926605505,0.05455042706294493,0.8181818181818182
488.0,0.01908493434172978,0.9128440366972477,0.060751041092655875,0.8090909090909091
489.0,0.020048001311172587,0.9334862385321101,0.056081510132009335,0.8090909090909091
490.0,0.017874148435070427,0.9357798165137615,0.05703856118700721,0.8
491.0,0.01663222507180629,0.9311926605504587,0.056119051440195605,0.8181818181818182
492.0,0.01767100317514749,0.9243119266055045,0.05744178870862181,0.8090909090909091
493.0,0.011798724928366687,0.9564220183486238,0.05764757516709241,0.8181818181818182
494.0,0.016276952944089308,0.9426605504587156,0.058437056839466095,0.7909090909090909
495.0,0.01882549633331802,0.9220183486238532,0.056654811718247156,0.8090909090909091
496.0,0.014550175102333616,0.9472477064220184,0.06400431089780548,0.8090909090909091
497.0,0.025092377286797408,0.8853211009174312,0.06449251798066226,0.8
498.0,0.014491224845170701,0.9403669724770642,0.061484424431215635,0.7909090909090909
499.0,0.014392804341612879,0.9518348623853211,0.060125082189386544,0.8090909090909091
500.0,0.02100928985287324,0.9036697247706422,0.06036929813298312,0.8
